﻿Name,Phone,Opening Hours,Address
Shershah Kabari Market (Biggest parts marker in asia),Open ⋅ Closes 7 AM Sun · +92 315 1257683,Open ⋅ Closes 7 AM Sun · +92 315 1257683,4.2(67)
SS AutoParts,Auto machine shop · VXMW+CQX,Open ⋅ Closes 9 PM · +92 310 8510213,4.6(5)
Farhan Auto Parts,Open ⋅ Closes 7 AM Sun · +92 300 0324257,Open ⋅ Closes 7 AM Sun · +92 300 0324257,4.6(11)
NTC Auto Parts (Karachi Outlet),Open ⋅ Closes 7 PM · +92 317 9996173,Open ⋅ Closes 7 PM · +92 317 9996173,4.6(19)
Mubeen Autos,Motorcycle parts store ·  · W26G+H3C,Open ⋅ Closes 9 PM · +92 313 2086369,4.3(858)
Nadeem Spare Parts & Car Accessories,Open ⋅ Closes 9:30 PM · +92 345 2303340,Open ⋅ Closes 9:30 PM · +92 345 2303340,4.1(50)
Sk kabuli car parts,Open ⋅ Closes 10 PM · +92 344 2393156,Open ⋅ Closes 10 PM · +92 344 2393156,5.0(3)
Spare parts market M.Saleem Autos,"Motorcycle parts store · V277+H5V, Parsu Ram Desh Rd",Open ⋅ Closes 8 PM · +92 300 2791183,4.2(209)
Noman Vitz shairsha auto parts,Auto parts store · VXPW+2WM,Open ⋅ Closes 6 PM · +92 300 2977955,4.0(1)
MW Autoparts,Open ⋅ Closes 6 PM · +92 313 8959780,Open ⋅ Closes 6 PM · +92 313 8959780,5.0(1)
Khan Autos - Car Spare Parts,Open ⋅ Closes 9:30 PM · +92 333 2136023,Open ⋅ Closes 9:30 PM · +92 333 2136023,4.2(41)
AUTO ONE,Open ⋅ Closes 7 PM · +92 333 2720256,Open ⋅ Closes 7 PM · +92 333 2720256,4.3(26)
Abdul Hadi spare parts,"Auto parts store · V2F2+6X3, Syed Mohammad Aslam Rd",Open ⋅ Closes 12 AM · +92 313 2059949,5.0(4)
Super Autos,Open ⋅ Closes 8 PM · +92 332 3291854,Open ⋅ Closes 8 PM · +92 332 3291854,4.4(361)
AutoJin.PK Car Accessories Retail Outlet,Open ⋅ Closes 8 PM · +92 312 0339999,Open ⋅ Closes 8 PM · +92 312 0339999,4.2(202)
United Auto Center,Open ⋅ Closes 6:30 PM · +92 333 2732168,Open ⋅ Closes 6:30 PM · +92 333 2732168,4.9(15)
Akram Afzal truck spare parts,Not found,Open ⋅ Closes 7:30 PM · +92 343 0210044,5.0(1)
Azam Brothers,Not found,Open ⋅ Closes 6 PM · +92 313 9219021,5.0(2)
International Auto Parts Market,"Auto parts store · V28F+54J, Marston Rd",Open ⋅ Closes 7 PM · +92 300 2390842,3.7(32)
Burhan Autos. برہان آٹوز,Open ⋅ Closes 9:30 PM · +92 345 2818935,Open ⋅ Closes 9:30 PM · +92 345 2818935,4.1(403)
M.USMAN ELECTRICS MOTORS,Open ⋅ Closes 8 PM · +92 300 0422862,Open ⋅ Closes 8 PM · +92 300 0422862,3.7(26)
Hammad Auto's Spares parts,Open ⋅ Closes 7 PM · +92 341 3179935,Open ⋅ Closes 7 PM · +92 341 3179935,4.7(3)
"H.M.TRADERS,KARACHI",Open ⋅ Closes 7:30 PM · +92 321 2999844,Open ⋅ Closes 7:30 PM · +92 321 2999844,5.0(33)
Nasir & sons Auto parts,Open ⋅ Closes 8:30 PM · +92 315 1247630,Open ⋅ Closes 8:30 PM · +92 315 1247630,No reviews
PF AUTOS,Open ⋅ Closes 7 PM · +92 302 8287817,Open ⋅ Closes 7 PM · +92 302 8287817,3.7(6)
Saeed Autos And Old Car Spare Parts,"Auto parts store · V2XV+V6X, Unnamed Road",Open ⋅ Closes 10 PM · +92 321 2377061,4.8(4)
Hamza Lala Autos and Spare Parts,Open ⋅ Closes 12 AM · +92 318 1120093,Open ⋅ Closes 12 AM · +92 318 1120093,5.0(2)
Liberty auto parts,Open ⋅ Closes 8 PM · +92 333 2975148,Open ⋅ Closes 8 PM · +92 333 2975148,5.0(1)
Prince Centre,Open ⋅ Closes 7 PM · +92 21 32765257,Open ⋅ Closes 7 PM · +92 21 32765257,4.4(23)
Khan Autos motorcycle Spare Parts,Open ⋅ Closes 9 PM · +92 21 32727603,Open ⋅ Closes 9 PM · +92 21 32727603,4.2(11)
Aslam Auto Stores,Open ⋅ Closes 7 PM · +92 332 8207778,Open ⋅ Closes 7 PM · +92 332 8207778,4.2(12)
NAKSH Auto Spare Parts,Open ⋅ Closes 8:30 PM · +92 335 2210109,Open ⋅ Closes 8:30 PM · +92 335 2210109,4.0(4)
Hashmi Automart,Open ⋅ Closes 8:30 PM · +92 331 1427464,Open ⋅ Closes 8:30 PM · +92 331 1427464,4.1(112)
Kashmir Automobiles,Open ⋅ Closes 7 PM · +92 21 32721587,Open ⋅ Closes 7 PM · +92 21 32721587,4.4(14)
Khan Autos Bike SpareParts,Open ⋅ Closes 11:30 PM · +92 313 2807079,Open ⋅ Closes 11:30 PM · +92 313 2807079,5.0(5)
Malik Brothers Toyota Auto Spare Parts,Open ⋅ Closes 7:30 PM · +92 333 2175325,Open ⋅ Closes 7:30 PM · +92 333 2175325,3.0(2)
Universal Auto Engineering,Auto parts store · V2FC+HPX,Open ⋅ Closes 7 PM · +92 313 8448833,4.7(26)
Karachi Auto Parts - KAP,Open ⋅ Closes 8 PM · +92 21 35805410,Open ⋅ Closes 8 PM · +92 21 35805410,4.7(6)
KAZIM AUTOS,Open ⋅ Closes 8:30 PM · +92 321 9216826,Open ⋅ Closes 8:30 PM · +92 321 9216826,3.9(7)
Quality Autos Engine Suspension Body Parts &Car Accessories,Open ⋅ Closes 9 PM · +92 333 3735128,Open ⋅ Closes 9 PM · +92 333 3735128,4.0(133)
Kashmir Automobiles,Open ⋅ Closes 7 PM · +92 21 32721587,Open ⋅ Closes 7 PM · +92 21 32721587,4.4(14)
Malik Brothers Toyota Auto Spare Parts,Open ⋅ Closes 7:30 PM · +92 333 2175325,Open ⋅ Closes 7:30 PM · +92 333 2175325,3.0(2)
Al-Makkah Auto Parts,Not found,Open ⋅ Closes 8:30 PM,4.0(106)
Aqeel autos(Suzuki Genuine Parts Dealer),Open ⋅ Closes 7 PM · +92 21 32732949,Open ⋅ Closes 7 PM · +92 21 32732949,3.5(4)
Universal Auto Engineering,Auto parts store · V2FC+HPX,Open ⋅ Closes 7 PM · +92 313 8448833,4.7(26)
Jawaid Autos,"Auto parts store ·  · V27C+M69, Marston Rd",Open ⋅ Closes 9 PM · +92 333 2326531,4.5(22)
MUMTAZ & SONS Lubricants & Auto Spare Parts,Open ⋅ Closes 8 PM · +92 347 3609136,Open ⋅ Closes 8 PM · +92 347 3609136,5.0(1)
Azam Brothers,Not found,Open ⋅ Closes 6 PM · +92 313 9219021,5.0(2)
Danish Autos & Old Spare Parts,"Auto parts store · W22R+3W8, Unnamed Road",Open ⋅ Closes 9 PM · +92 321 2377061,4.8(4)
Plaza Car Accessories Market,"Market · V26C+RCM, Unnamed Road",Open ⋅ Closes 7 PM,"4.1(1,270)"
scrap motorcycle parts market,"Used auto parts store ·  · V277+P7Q, Malabar St",Open ⋅ Closes 7:30 PM · +92 320 2066384,4.0(189)
Victory Auto Parts,Open ⋅ Closes 8:30 PM · +92 321 2265839,Open ⋅ Closes 8:30 PM · +92 321 2265839,4.3(9)
"Automart - Car spare parts, repair and maintenance services",Not found,Open ⋅ Closes 9 PM,4.5(4)
Arif Auto Spare Parts,"Auto parts store · R2HX+HF6, Khayaban-e-Roomi, Punjab Colony",Open ⋅ Closes 8:30 PM,4.8(4)
LAKHPATI AUTO OILS AND SPARE PARTS,Auto parts store · VX3M+84R,Open ⋅ Closes 9 PM,3.6(5)
Rafiq Autos - Suzuki Motorcycle Spare Parts,Auto parts store · V268+QR9,Not found,3.9(28)
New Zaheer Autos,Open ⋅ Closes 8:30 PM · +92 332 3885208,Open ⋅ Closes 8:30 PM · +92 332 3885208,3.5(10)
Mirza Autos body and spare parts,Open ⋅ Closes 8:30 PM · +92 21 34898217,Open ⋅ Closes 8:30 PM · +92 21 34898217,4.2(5)
A. i Brothers Autos & Spare Parts,Open ⋅ Closes 12 AM · +92 345 2112607,Open ⋅ Closes 12 AM · +92 345 2112607,5.0(1)
Al-Mubarak Autos,"Auto parts store · V26C+WVW, Al-Noor Plaza, Preedy St, Saddar Town, Karachi, Sindh",Open ⋅ Closes 8:30 PM · +92 332 0209583,4.2(19)
Bilal Auto & Show Parts,Open ⋅ Closes 9:30 PM · +92 315 9211810,Open ⋅ Closes 9:30 PM · +92 315 9211810,4.8(9)
Nasir Auto Spare parts,Open ⋅ Closes 6:30 PM · +92 21 36652498,Open ⋅ Closes 6:30 PM · +92 21 36652498,5.0(1)
STADIUM MOTORS,Not found,Open ⋅ Closes 7 PM,4.7(9)
Kabli car parts,Open ⋅ Closes 8 PM · +92 303 2663341,Open ⋅ Closes 8 PM · +92 303 2663341,4.9(8)
Muneeb Auto Parts,Open ⋅ Closes 8:15 PM · +92 324 2323215,Open ⋅ Closes 8:15 PM · +92 324 2323215,4.2(13)
Naveed Auto Spare Parts,Auto parts store · R3WH+PGF,Open 24 hours,4.5(4)
AZEEM AUTOS - AUTO ACCESSORIES & MODIFICATION,Open ⋅ Closes 8 PM · +92 315 0222850,Open ⋅ Closes 8 PM · +92 315 0222850,5.0(20)
New Bannu Auto Spare Parts,Auto parts store · VX94+GP3,Open ⋅ Closes 10 PM,1.0(1)
Imran Auto Parts۔ عمران آٹو پارٹس,"Auto parts store · VXMW+3PP, Kabari Market Rd",Not found,5.0(3)
Hafiz autos Car spare parts,Open now · +92 334 3598223,Open now · +92 334 3598223,4.3(39)
Faisal Autos,Open ⋅ Closes 6 PM · +92 321 2060012,Open ⋅ Closes 6 PM · +92 321 2060012,3.8(5)
"Sugoi Parts Center, Karachi","Auto parts store · V27F+WXC, Muhammad Ali Jinnah Rd",Open ⋅ Closes 12 AM · +92 21 32778211,5.0(6)
NEW ALFLAH AUTOS,Open ⋅ Closes 7 PM · +92 334 3085396,Open ⋅ Closes 7 PM · +92 334 3085396,5.0(2)
Madina Old Auto Parts Market Shafiq Mor,Auto market · X35G+MJF,Open ⋅ Closes 9 PM · +92 332 2040191,"4.2(1,375)"
Siraj Alam Auto Parts Wholesaler,"Auto parts store · X3CH+463, Godhra Rd",Open ⋅ Closes 10 PM · +92 315 8802675,4.5(11)
Rizwan Autos,Open ⋅ Closes 8:30 PM · +92 300 2296350,Open ⋅ Closes 8:30 PM · +92 300 2296350,4.4(224)
Bhai Jee Auto's and Oil shop || Car auto parts|| car spare part || Car oil,Not found,Closed ⋅ Opens 9 PM,5.0(2)
Faizan Auto spare Parts,Auto parts store · R2GV+2MP,Open ⋅ Closes 7 PM · +92 333 2229231,5.0(2)
Universal Autoparts aunda mor,Open ⋅ Closes 8 PM · +92 310 2981242,Open ⋅ Closes 8 PM · +92 310 2981242,No reviews
New Super Autos & Sajid Mechanical works,Open ⋅ Closes 10:30 PM · +92 307 2225667,Open ⋅ Closes 10:30 PM · +92 307 2225667,3.9(92)
FIAM autoparts,Closed ⋅ Opens 9 AM Mon · +92 345 2332332,Closed ⋅ Opens 9 AM Mon · +92 345 2332332,5.0(27)
Karachi Generator Parts,Open ⋅ Closes 6 PM · +92 321 2919252,Open ⋅ Closes 6 PM · +92 321 2919252,5.0(4)
Al-Rehman Auto Spare Parts,Open now · +92 334 2983315,Open now · +92 334 2983315,5.0(7)
Umer Autos Spare parts,Open ⋅ Closes 8 PM · +92 334 1289090,Open ⋅ Closes 8 PM · +92 334 1289090,No reviews
IBRAHIM & SON’S AUTO,Auto parts store · V27C+6V,Open ⋅ Closes 7 PM · +92 341 2127863,5.0(1)
SJ AUTO PARTS - SADDAR,"Auto parts store · V24J+RG5 SJ Auto Parts, Dr Daud Pota Rd",Open ⋅ Closes 11 PM · +92 325 9220500,2.8(4)
MR OLD SPARE PARTS MAZDA T3500 &MAZDA T3000,Auto parts store · VXQR+5HM,Not found,No reviews
ZUBAIR AUTOMOBILE,Open ⋅ Closes 7 PM · +92 21 32742785,Open ⋅ Closes 7 PM · +92 21 32742785,5.0(5)
